"SampleID","Year","FireYear","Position","Feature"
"1","EFK01A",1591,NA,"Not Applicable","Innermost ring"
"2","EFK01A",1592,"1592","unknown","Fire scar"
"3","EFK01A",1623,"1623","dormant","Fire scar"
"4","EFK01A",1724,"1724","unknown","Fire scar"
"5","EFK01A",1736,"1736","dormant","Fire scar"
"6","EFK01A",1778,"1778","Middle earlywood","Fire scar"
"7","EFK01A",1832,"1832","unknown","Fire scar"
"8","EFK01A",1861,"1861","unknown","Fire scar"
"9","EFK01A",1873,"1873","Middle earlywood","Fire scar"
"10","EFK01A",1899,"1899","dormant","Fire scar"
"11","EFK01A",1905,NA,"Not Applicable","Outermost ring"
"12","EFK02A",1431,NA,"Not Applicable","pith"
"13","EFK02A",1483,"1483","unknown","Fire scar"
"14","EFK02A",1504,"1504","unknown","Fire scar"
"15","EFK02A",1517,"1517","unknown","Fire scar"
"16","EFK02A",1520,"1520","unknown","Fire scar"
"17","EFK02A",1530,"1530","unknown","Fire scar"
"18","EFK02A",1539,"1539","unknown","Fire scar"
"19","EFK02A",1560,"1560","unknown","Fire scar"
"20","EFK02A",1587,"1587","early earlywood","Fire scar"
"21","EFK03A",1538,NA,"Not Applicable","Innermost ring"
"22","EFK03A",1643,"1643","Middle earlywood","Fire scar"
"23","EFK03A",1658,NA,"dormant","Undetermined scar"
"24","EFK03A",1664,NA,"unknown","Undetermined scar"
"25","EFK03A",1668,NA,"unknown","Undetermined scar"
"26","EFK03A",1682,NA,"unknown","Undetermined scar"
"27","EFK03A",1691,"1691","dormant","Fire scar"
"28","EFK03A",1696,"1696","late earlywood","Fire scar"
"29","EFK03A",1704,"1704","Middle earlywood","Fire scar"
"30","EFK03A",1709,NA,"dormant","Undetermined scar"
"31","EFK03A",1716,"1716","dormant","Fire scar"
"32","EFK03A",1724,"1724","early earlywood","Fire scar"
"33","EFK03A",1736,"1736","dormant","Fire scar"
"34","EFK03A",1745,"1745","Middle earlywood","Fire scar"
"35","EFK03A",1810,"1810","early earlywood","Fire scar"
"36","EFK03A",1848,NA,"Not Applicable","Outermost ring"
"37","EFK04A",1494,NA,"Not Applicable","Innermost ring"
"38","EFK04A",1643,"1643","dormant","Fire scar"
"39","EFK04A",1658,"1658","Middle earlywood","Fire scar"
"40","EFK04A",1664,"1664","Middle earlywood","Fire scar"
"41","EFK04A",1668,"1668","Middle earlywood","Fire scar"
"42","EFK04A",1691,"1691","dormant","Fire scar"
"43","EFK04A",1696,"1696","latewood","Fire scar"
"44","EFK04A",1704,"1704","Middle earlywood","Fire scar"
"45","EFK04A",1770,NA,"Not Applicable","Outermost ring"
"46","EFK05A",1618,NA,"Not Applicable","Innermost ring"
"47","EFK05A",1704,"1704","Middle earlywood","Fire scar"
"48","EFK05A",1724,"1724","early earlywood","Fire scar"
"49","EFK05A",1729,"1729","unknown","Fire scar"
"50","EFK05A",1736,"1736","dormant","Fire scar"
"51","EFK05A",1738,"1738","Middle earlywood","Fire scar"
"52","EFK05A",1745,"1745","Middle earlywood","Fire scar"
"53","EFK05A",1763,"1763","Middle earlywood","Fire scar"
"54","EFK05A",1806,"1806","dormant","Fire scar"
"55","EFK05A",1842,"1842","unknown","Fire scar"
"56","EFK06A",1657,NA,"Not Applicable","Innermost ring"
"57","EFK06A",1658,"1658","dormant","Fire scar"
"58","EFK06A",1668,"1668","unknown","Fire scar"
"59","EFK06A",1681,"1681","late earlywood","Fire scar"
"60","EFK06A",1684,"1684","dormant","Fire scar"
"61","EFK06A",1691,"1691","late earlywood","Fire scar"
"62","EFK06A",1696,"1696","late earlywood","Fire scar"
"63","EFK06A",1716,"1716","dormant","Fire scar"
"64","EFK06A",1724,"1724","Middle earlywood","Fire scar"
"65","EFK06A",1736,"1736","unknown","Fire scar"
"66","EFK06A",1745,"1745","unknown","Fire scar"
"67","EFK06A",1752,"1752","Middle earlywood","Fire scar"
"68","EFK06A",1760,"1760","dormant","Fire scar"
"69","EFK06A",1763,"1763","Middle earlywood","Fire scar"
"70","EFK06A",1773,"1773","Middle earlywood","Fire scar"
"71","EFK06A",1778,"1778","dormant","Fire scar"
"72","EFK06A",1786,"1786","dormant","Fire scar"
"73","EFK06A",1796,"1796","early earlywood","Fire scar"
"74","EFK06A",1806,"1806","early earlywood","Fire scar"
"75","EFK06A",1810,"1810","late earlywood","Fire scar"
"76","EFK06A",1840,NA,"Not Applicable","Outermost ring"
"77","EFK07A",1801,NA,"Not Applicable","Innermost ring"
"78","EFK07A",1842,"1842","dormant","Fire scar"
"79","EFK07A",1851,"1851","late earlywood","Fire scar"
"80","EFK07A",1870,"1870","dormant","Fire scar"
"81","EFK07A",1890,NA,"Not Applicable","Bark"
"82","EFK08A",1667,NA,"Not Applicable","Innermost ring"
"83","EFK08A",1684,"1684","unknown","Fire scar"
"84","EFK08A",1696,"1696","latewood","Fire scar"
"85","EFK08A",1752,"1752","Middle earlywood","Fire scar"
"86","EFK08A",1763,"1763","late earlywood","Fire scar"
"87","EFK08A",1806,"1806","early earlywood","Fire scar"
"88","EFK08A",1832,"1832","late earlywood","Fire scar"
"89","EFK08A",1842,"1842","dormant","Fire scar"
"90","EFK08A",1861,"1861","dormant","Fire scar"
"91","EFK08A",1873,"1873","early earlywood","Fire scar"
"92","EFK08A",1889,"1889","early earlywood","Fire scar"
"93","EFK08A",1893,"1893","unknown","Fire scar"
"94","EFK08A",1999,NA,"Not Applicable","Bark"
"95","EFK09A",1696,NA,"Not Applicable","Innermost ring"
"96","EFK09A",1773,NA,"dormant","Undetermined scar"
"97","EFK09A",1786,"1786","early earlywood","Fire scar"
"98","EFK09A",1796,"1796","dormant","Fire scar"
"99","EFK09A",1818,"1818","dormant","Fire scar"
"100","EFK09A",1829,"1829","dormant","Fire scar"
"101","EFK09A",1832,"1832","unknown","Fire scar"
"102","EFK09A",1842,"1842","dormant","Fire scar"
"103","EFK09A",1861,"1861","dormant","Fire scar"
"104","EFK09A",1873,"1873","dormant","Fire scar"
"105","EFK09A",1899,"1899","dormant","Fire scar"
"106","EFK09A",1968,NA,"Not Applicable","Bark"
"107","EFK10A",1675,NA,"Not Applicable","Innermost ring"
"108","EFK10A",1696,"1696","Middle earlywood","Fire scar"
"109","EFK10A",1724,"1724","dormant","Fire scar"
"110","EFK10A",1736,"1736","dormant","Fire scar"
"111","EFK10A",1763,NA,"dormant","Undetermined scar"
"112","EFK10A",1773,"1773","unknown","Fire scar"
"113","EFK10A",1786,"1786","dormant","Fire scar"
"114","EFK10A",1796,"1796","Middle earlywood","Fire scar"
"115","EFK10A",1806,NA,"dormant","Undetermined scar"
"116","EFK10A",1818,"1818","unknown","Fire scar"
"117","EFK10A",1848,NA,"Not Applicable","Outermost ring"
"118","EFK11A",1726,NA,"Not Applicable","Innermost ring"
"119","EFK11A",1773,"1773","unknown","Fire scar"
"120","EFK11A",1786,"1786","Middle earlywood","Fire scar"
"121","EFK11A",1796,"1796","unknown","Fire scar"
"122","EFK11A",1806,"1806","unknown","Fire scar"
"123","EFK11A",1818,"1818","unknown","Fire scar"
"124","EFK11A",1832,"1832","late earlywood","Fire scar"
"125","EFK11A",1842,"1842","dormant","Fire scar"
"126","EFK11A",1849,"1849","dormant","Fire scar"
"127","EFK11A",1851,"1851","early earlywood","Fire scar"
"128","EFK11A",1861,"1861","unknown","Fire scar"
"129","EFK11A",1873,"1873","unknown","Fire scar"
"130","EFK11A",1899,"1899","early earlywood","Fire scar"
"131","EFK11A",1999,NA,"Not Applicable","Bark"
"132","EFK12A",1407,NA,"Not Applicable","Innermost ring"
"133","EFK12A",1448,NA,"dormant","Undetermined scar"
"134","EFK12A",1475,NA,"unknown","Undetermined scar"
"135","EFK12A",1532,"1532","dormant","Fire scar"
"136","EFK12A",1558,"1558","Middle earlywood","Fire scar"
"137","EFK12A",1597,"1597","unknown","Fire scar"
"138","EFK12A",1615,"1615","dormant","Fire scar"
"139","EFK12A",1628,"1628","Middle earlywood","Fire scar"
"140","EFK12A",1632,"1632","dormant","Fire scar"
"141","EFK12A",1643,"1643","dormant","Fire scar"
"142","EFK12A",1658,"1658","late earlywood","Fire scar"
"143","EFK12A",1668,"1668","dormant","Fire scar"
"144","EFK12A",1684,"1684","dormant","Fire scar"
"145","EFK12A",1696,"1696","Middle earlywood","Fire scar"
"146","EFK12A",1772,NA,"Not Applicable","Outermost ring"
"147","EFK13A",1515,NA,"Not Applicable","Innermost ring"
"148","EFK13A",1760,"1760","early earlywood","Fire scar"
"149","EFK13A",1773,"1773","early earlywood","Fire scar"
"150","EFK13A",1796,"1796","early earlywood","Fire scar"
"151","EFK13A",1818,"1818","early earlywood","Fire scar"
"152","EFK13A",1832,"1832","unknown","Fire scar"
"153","EFK13A",1836,NA,"Not Applicable","Outermost ring"
"154","EFK14A",1653,NA,"Not Applicable","Innermost ring"
"155","EFK14A",1729,"1729","early earlywood","Fire scar"
"156","EFK14A",1760,"1760","unknown","Fire scar"
"157","EFK14A",1773,"1773","unknown","Fire scar"
"158","EFK14A",1786,"1786","early earlywood","Fire scar"
"159","EFK14A",1796,"1796","early earlywood","Fire scar"
"160","EFK14A",1806,"1806","early earlywood","Fire scar"
"161","EFK14A",1829,"1829","Middle earlywood","Fire scar"
"162","EFK14A",1849,"1849","unknown","Fire scar"
"163","EFK14A",1899,"1899","early earlywood","Fire scar"
"164","EFK14A",1905,NA,"Not Applicable","Outermost ring"
"165","EFK15A",1480,NA,"Not Applicable","Innermost ring"
"166","EFK15A",1508,"1508","early earlywood","Fire scar"
"167","EFK15A",1515,"1515","dormant","Fire scar"
"168","EFK15A",1567,"1567","dormant","Fire scar"
"169","EFK15A",1573,"1573","unknown","Fire scar"
"170","EFK15A",1585,"1585","unknown","Fire scar"
"171","EFK15A",1668,"1668","dormant","Fire scar"
"172","EFK15A",1692,NA,"Not Applicable","Outermost ring"
"173","EFK01A",1592,"","Not Applicable","Begin recording fire"
"174","EFK02A",1483,"","Not Applicable","Begin recording fire"
"175","EFK03A",1643,"","Not Applicable","Begin recording fire"
"176","EFK04A",1643,"","Not Applicable","Begin recording fire"
"177","EFK05A",1704,"","Not Applicable","Begin recording fire"
"178","EFK06A",1658,"","Not Applicable","Begin recording fire"
"179","EFK07A",1842,"","Not Applicable","Begin recording fire"
"180","EFK08A",1684,"","Not Applicable","Begin recording fire"
"181","EFK09A",1786,"","Not Applicable","Begin recording fire"
"182","EFK10A",1696,"","Not Applicable","Begin recording fire"
"183","EFK11A",1773,"","Not Applicable","Begin recording fire"
"184","EFK12A",1532,"","Not Applicable","Begin recording fire"
"185","EFK13A",1760,"","Not Applicable","Begin recording fire"
"186","EFK14A",1729,"","Not Applicable","Begin recording fire"
"187","EFK15A",1508,"","Not Applicable","Begin recording fire"
"1","MCN332A",1700,NA,"Not Applicable","Innermost ring"
"2","MCN332A",1724,NA,"unknown","Undetermined scar"
"3","MCN332A",1729,NA,"dormant","Undetermined scar"
"4","MCN332A",1735,NA,"unknown","Undetermined scar"
"5","MCN332A",1745,"1745","Middle earlywood","Fire scar"
"6","MCN332A",1748,NA,"dormant","Undetermined scar"
"7","MCN332A",1754,NA,"Middle earlywood","Undetermined scar"
"8","MCN332A",1786,"1786","Middle earlywood","Fire scar"
"9","MCN332A",1795,"1795","dormant","Fire scar"
"10","MCN332A",1801,"1801","dormant","Fire scar"
"11","MCN332A",1806,"1806","unknown","Fire scar"
"12","MCN332A",1813,"1813","early earlywood","Fire scar"
"13","MCN332A",1842,"1842","dormant","Fire scar"
"14","MCN332A",1849,"1849","dormant","Fire scar"
"15","MCN332A",1857,"1857","Middle earlywood","Fire scar"
"16","MCN332A",1879,"1879","Middle earlywood","Fire scar"
"17","MCN332A",1892,"1892","early earlywood","Fire scar"
"18","MCN332A",1893,NA,"dormant","Undetermined scar"
"19","MCN332A",1929,NA,"dormant","Undetermined scar"
"20","MCN332A",1930,NA,"Not Applicable","Outermost ring"
"21","MCN334A",1642,NA,"Not Applicable","Innermost ring"
"22","MCN334A",1665,"1665","dormant","Fire scar"
"23","MCN334A",1668,"1668","Middle earlywood","Fire scar"
"24","MCN334A",1684,"1684","Middle earlywood","Fire scar"
"25","MCN334A",1691,"1691","Middle earlywood","Fire scar"
"26","MCN334A",1703,NA,"latewood","Undetermined scar"
"27","MCN334A",1716,NA,"dormant","Undetermined scar"
"28","MCN334A",1724,"1724","Middle earlywood","Fire scar"
"29","MCN334A",1735,NA,"unknown","Undetermined scar"
"30","MCN334A",1745,"1745","late earlywood","Fire scar"
"31","MCN334A",1763,"1763","late earlywood","Fire scar"
"32","MCN334A",1773,"1773","Middle earlywood","Fire scar"
"33","MCN334A",1777,"1777","late earlywood","Fire scar"
"34","MCN334A",1786,"1786","early earlywood","Fire scar"
"35","MCN334A",1788,NA,"unknown","Undetermined scar"
"36","MCN334A",1795,"1795","Middle earlywood","Fire scar"
"37","MCN334A",1806,"1806","dormant","Fire scar"
"38","MCN334A",1813,"1813","Middle earlywood","Fire scar"
"39","MCN334A",1818,"1818","dormant","Fire scar"
"40","MCN334A",1824,"1824","latewood","Fire scar"
"41","MCN334A",1836,"1836","dormant","Fire scar"
"42","MCN334A",1839,NA,"dormant","Undetermined scar"
"43","MCN334A",1842,"1842","dormant","Fire scar"
"44","MCN334A",1849,"1849","early earlywood","Fire scar"
"45","MCN334A",1857,"1857","late earlywood","Fire scar"
"46","MCN334A",1861,"1861","dormant","Fire scar"
"47","MCN334A",1880,NA,"Not Applicable","Outermost ring"
"48","MCN335A",1665,NA,"Not Applicable","pith"
"49","MCN335A",1729,"1729","unknown","Fire scar"
"50","MCN335A",1745,"1745","Middle earlywood","Fire scar"
"51","MCN335A",1782,"1782","Middle earlywood","Fire scar"
"52","MCN335A",1786,"1786","dormant","Fire scar"
"53","MCN335A",1789,"1789","Middle earlywood","Fire scar"
"54","MCN335A",1795,"1795","dormant","Fire scar"
"55","MCN335A",1798,NA,"Middle earlywood","Undetermined scar"
"56","MCN335A",1801,"1801","unknown","Fire scar"
"57","MCN335A",1804,NA,"dormant","Undetermined scar"
"58","MCN335A",1813,"1813","Middle earlywood","Fire scar"
"59","MCN335A",1836,"1836","dormant","Fire scar"
"60","MCN335A",1838,NA,"unknown","Undetermined scar"
"61","MCN335A",1842,"1842","dormant","Fire scar"
"62","MCN335A",1849,"1849","early earlywood","Fire scar"
"63","MCN335A",1857,"1857","latewood","Fire scar"
"64","MCN335A",1880,"1880","dormant","Fire scar"
"65","MCN335A",1892,"1892","Middle earlywood","Fire scar"
"66","MCN335A",1894,NA,"dormant","Undetermined scar"
"67","MCN335A",1895,NA,"latewood","Undetermined scar"
"68","MCN335A",1897,NA,"latewood","Undetermined scar"
"69","MCN335A",1929,"1929","dormant","Fire scar"
"70","MCN335A",1933,"1933","dormant","Fire scar"
"71","MCN335A",1996,NA,"Not Applicable","Outermost ring"
"72","MCN331A",1712,NA,"Not Applicable","Innermost ring"
"73","MCN331A",1729,"1729","unknown","Fire scar"
"74","MCN331A",1752,"1752","early earlywood","Fire scar"
"75","MCN331A",1763,"1763","dormant","Fire scar"
"76","MCN331A",1773,"1773","early earlywood","Fire scar"
"77","MCN331A",1777,"1777","Middle earlywood","Fire scar"
"78","MCN331A",1786,"1786","dormant","Fire scar"
"79","MCN331A",1795,"1795","early earlywood","Fire scar"
"80","MCN331A",1813,"1813","dormant","Fire scar"
"81","MCN331A",1836,"1836","unknown","Fire scar"
"82","MCN331A",1837,NA,"Not Applicable","Outermost ring"
"83","MCN248A",1705,NA,"Not Applicable","Innermost ring"
"84","MCN248A",1893,"1893","early earlywood","Fire scar"
"85","MCN248A",1929,"1929","dormant","Fire scar"
"86","MCN248A",1999,NA,"Not Applicable","Bark"
"87","MCN249A",1707,NA,"Not Applicable","Innermost ring"
"88","MCN249A",1801,"1801","dormant","Fire scar"
"89","MCN249A",1836,"1836","early earlywood","Fire scar"
"90","MCN249A",1842,"1842","early earlywood","Fire scar"
"91","MCN249A",1893,"1893","dormant","Fire scar"
"92","MCN249A",1907,NA,"Not Applicable","Outermost ring"
"93","MCN248A",1893,"","Not Applicable","Begin recording fire"
"94","MCN249A",1801,"","Not Applicable","Begin recording fire"
"95","MCN331A",1729,"","Not Applicable","Begin recording fire"
"96","MCN332A",1745,"","Not Applicable","Begin recording fire"
"97","MCN334A",1665,"","Not Applicable","Begin recording fire"
"98","MCN335A",1729,"","Not Applicable","Begin recording fire"
"1","SBN-1A",1550,NA,"Not Applicable","Innermost ring"
"2","SBN-1A",1590,"1590","unknown","Fire scar"
"3","SBN-1A",1631,NA,"unknown","Undetermined scar"
"4","SBN-1A",1664,"1664","Middle earlywood","Fire scar"
"5","SBN-1A",1685,"1685","dormant","Fire scar"
"6","SBN-1A",1693,"1693","late earlywood","Fire scar"
"7","SBN-1A",1714,"1714","unknown","Fire scar"
"8","SBN-1A",1783,NA,"Not Applicable","Outermost ring"
"9","SBN-10A",1611,NA,"Not Applicable","Innermost ring"
"10","SBN-10A",1626,NA,"unknown","Undetermined scar"
"11","SBN-10A",1654,"1654","unknown","Fire scar"
"12","SBN-10A",1664,"1664","Middle earlywood","Fire scar"
"13","SBN-10A",1685,"1685","dormant","Fire scar"
"14","SBN-10A",1693,"1693","late earlywood","Fire scar"
"15","SBN-10A",1698,"1698","late earlywood","Fire scar"
"16","SBN-10A",1714,"1714","dormant","Fire scar"
"17","SBN-10A",1724,"1724","Middle earlywood","Fire scar"
"18","SBN-10A",1729,"1729","Middle earlywood","Fire scar"
"19","SBN-10A",1745,"1745","Middle earlywood","Fire scar"
"20","SBN-10A",1765,"1765","dormant","Fire scar"
"21","SBN-10A",1789,"1789","early earlywood","Fire scar"
"22","SBN-10A",1801,"1801","unknown","Fire scar"
"23","SBN-10A",1820,"1820","dormant","Fire scar"
"24","SBN-10A",1847,"1847","unknown","Fire scar"
"25","SBN-10A",1864,"1864","unknown","Fire scar"
"26","SBN-10A",1880,"1880","unknown","Fire scar"
"27","SBN-10A",1896,"1896","late earlywood","Fire scar"
"28","SBN-10A",1947,NA,"Not Applicable","Bark"
"29","SBN-2A",1522,NA,"unknown","Undetermined scar"
"30","SBN-2A",1714,"1714","unknown","Fire scar"
"31","SBN-2A",1729,"1729","dormant","Fire scar"
"32","SBN-2A",1745,"1745","Middle earlywood","Fire scar"
"33","SBN-2A",1765,"1765","early earlywood","Fire scar"
"34","SBN-2A",1773,"1773","unknown","Fire scar"
"35","SBN-2A",1780,"1780","unknown","Fire scar"
"36","SBN-2A",1806,"1806","dormant","Fire scar"
"37","SBN-2A",1820,"1820","early earlywood","Fire scar"
"38","SBN-2A",1842,"1842","dormant","Fire scar"
"39","SBN-2A",1864,"1864","dormant","Fire scar"
"40","SBN-2A",1880,"1880","dormant","Fire scar"
"41","SBN-2A",1907,NA,"Not Applicable","Outermost ring"
"42","SBN-3A",1445,NA,"Not Applicable","pith"
"43","SBN-3A",1664,"1664","Middle earlywood","Fire scar"
"44","SBN-3A",1685,"1685","unknown","Fire scar"
"45","SBN-3A",1714,"1714","dormant","Fire scar"
"46","SBN-3A",1735,NA,"unknown","Undetermined scar"
"47","SBN-3A",1745,"1745","early earlywood","Fire scar"
"48","SBN-3A",1748,NA,"unknown","Undetermined scar"
"49","SBN-3A",1765,"1765","unknown","Fire scar"
"50","SBN-3A",1789,"1789","unknown","Fire scar"
"51","SBN-3A",1842,"1842","dormant","Fire scar"
"52","SBN-3A",1872,NA,"Not Applicable","Outermost ring"
"53","SBN-4A",1497,NA,"Not Applicable","Innermost ring"
"54","SBN-4A",1542,NA,"unknown","Undetermined scar"
"55","SBN-4A",1590,"1590","dormant","Fire scar"
"56","SBN-4A",1669,NA,"unknown","Undetermined scar"
"57","SBN-4A",1714,"1714","dormant","Fire scar"
"58","SBN-4A",1765,"1765","early earlywood","Fire scar"
"59","SBN-4A",1773,"1773","unknown","Fire scar"
"60","SBN-4A",1780,"1780","early earlywood","Fire scar"
"61","SBN-4A",1820,"1820","unknown","Fire scar"
"62","SBN-4A",1847,"1847","dormant","Fire scar"
"63","SBN-4A",1864,"1864","unknown","Fire scar"
"64","SBN-4A",1880,"1880","dormant","Fire scar"
"65","SBN-4A",1896,"1896","unknown","Fire scar"
"66","SBN-5A",1798,NA,"Not Applicable","pith"
"67","SBN-5A",1847,"1847","dormant","Fire scar"
"68","SBN-5A",1864,"1864","dormant","Fire scar"
"69","SBN-5A",1870,"1870","dormant","Fire scar"
"70","SBN-5A",1880,"1880","dormant","Fire scar"
"71","SBN-5A",1896,"1896","early earlywood","Fire scar"
"72","SBN-5A",1950,NA,"Not Applicable","Bark"
"73","SBN-6A",1487,NA,"Not Applicable","Innermost ring"
"74","SBN-6A",1495,NA,"unknown","Undetermined scar"
"75","SBN-6A",1503,NA,"dormant","Undetermined scar"
"76","SBN-6A",1530,NA,"unknown","Undetermined scar"
"77","SBN-6A",1590,"1590","unknown","Fire scar"
"78","SBN-6A",1624,NA,"unknown","Undetermined scar"
"79","SBN-6A",1654,"1654","unknown","Fire scar"
"80","SBN-6A",1664,"1664","dormant","Fire scar"
"81","SBN-6A",1714,"1714","dormant","Fire scar"
"82","SBN-6A",1724,"1724","early earlywood","Fire scar"
"83","SBN-6A",1729,"1729","dormant","Fire scar"
"84","SBN-6A",1735,"1735","dormant","Fire scar"
"85","SBN-6A",1745,"1745","Middle earlywood","Fire scar"
"86","SBN-6A",1765,"1765","dormant","Fire scar"
"87","SBN-6A",1780,"1780","early earlywood","Fire scar"
"88","SBN-6A",1801,"1801","dormant","Fire scar"
"89","SBN-6A",1820,"1820","dormant","Fire scar"
"90","SBN-6A",1847,"1847","unknown","Fire scar"
"91","SBN-7A",1528,NA,"Not Applicable","pith"
"92","SBN-7A",1625,"1625","late earlywood","Fire scar"
"93","SBN-7A",1631,"1631","late earlywood","Fire scar"
"94","SBN-7A",1664,"1664","Middle earlywood","Fire scar"
"95","SBN-7A",1685,"1685","unknown","Fire scar"
"96","SBN-7A",1714,"1714","dormant","Fire scar"
"97","SBN-7A",1719,NA,"unknown","Undetermined scar"
"98","SBN-7A",1724,"1724","dormant","Fire scar"
"99","SBN-7A",1729,"1729","early earlywood","Fire scar"
"100","SBN-7A",1735,"1735","early earlywood","Fire scar"
"101","SBN-7A",1745,"1745","Middle earlywood","Fire scar"
"102","SBN-7A",1752,NA,"unknown","Undetermined scar"
"103","SBN-7A",1765,"1765","early earlywood","Fire scar"
"104","SBN-7A",1773,"1773","early earlywood","Fire scar"
"105","SBN-7A",1806,"1806","early earlywood","Fire scar"
"106","SBN-7A",1820,"1820","dormant","Fire scar"
"107","SBN-7A",1847,"1847","unknown","Fire scar"
"108","SBN-8A",1561,NA,"Not Applicable","Innermost ring"
"109","SBN-8A",1583,"1583","dormant","Fire scar"
"110","SBN-8A",1598,"1598","dormant","Fire scar"
"111","SBN-8A",1622,"1622","dormant","Fire scar"
"112","SBN-8A",1631,"1631","latewood","Fire scar"
"113","SBN-8A",1636,"1636","early earlywood","Fire scar"
"114","SBN-8A",1654,"1654","early earlywood","Fire scar"
"115","SBN-8A",1664,"1664","unknown","Fire scar"
"116","SBN-8A",1685,"1685","dormant","Fire scar"
"117","SBN-8A",1714,"1714","unknown","Fire scar"
"118","SBN-8A",1724,"1724","unknown","Fire scar"
"119","SBN-8A",1729,"1729","unknown","Fire scar"
"120","SBN-8A",1745,"1745","unknown","Fire scar"
"121","SBN-8A",1806,NA,"Not Applicable","Outermost ring"
"122","SBN-9A",1572,NA,"Not Applicable","Innermost ring"
"123","SBN-9A",1685,"1685","dormant","Fire scar"
"124","SBN-9A",1693,"1693","late earlywood","Fire scar"
"125","SBN-9A",1698,"1698","latewood","Fire scar"
"126","SBN-9A",1714,"1714","unknown","Fire scar"
"127","SBN-9A",1724,"1724","early earlywood","Fire scar"
"128","SBN-9A",1729,"1729","dormant","Fire scar"
"129","SBN-9A",1745,"1745","Middle earlywood","Fire scar"
"130","SBN-9A",1765,"1765","dormant","Fire scar"
"131","SBN-9A",1773,"1773","dormant","Fire scar"
"132","SBN-9A",1780,"1780","early earlywood","Fire scar"
"133","SBN-9A",1801,"1801","dormant","Fire scar"
"134","SBN-9A",1806,"1806","dormant","Fire scar"
"135","SBN-9A",1813,"1813","dormant","Fire scar"
"136","SBN-9A",1842,"1842","dormant","Fire scar"
"137","SBN-9A",1864,"1864","dormant","Fire scar"
"138","SBN-9A",1870,"1870","dormant","Fire scar"
"139","SBN-9A",1880,"1880","dormant","Fire scar"
"140","SBN-9A",1896,"1896","dormant","Fire scar"
"141","SBN-9A",1928,NA,"Not Applicable","Outermost ring"
"142","SBN-1A",1590,"","Not Applicable","Begin recording fire"
"143","SBN-10A",1654,"","Not Applicable","Begin recording fire"
"144","SBN-2A",1714,"","Not Applicable","Begin recording fire"
"145","SBN-3A",1664,"","Not Applicable","Begin recording fire"
"146","SBN-4A",1590,"","Not Applicable","Begin recording fire"
"147","SBN-5A",1847,"","Not Applicable","Begin recording fire"
"148","SBN-6A",1590,"","Not Applicable","Begin recording fire"
"149","SBN-7A",1625,"","Not Applicable","Begin recording fire"
"150","SBN-8A",1583,"","Not Applicable","Begin recording fire"
"151","SBN-9A",1685,"","Not Applicable","Begin recording fire"
"1","SNN1A",1616,NA,"Not Applicable","pith"
"2","SNN1A",1631,"1631","dormant","Fire scar"
"3","SNN1A",1636,"1636","Middle earlywood","Fire scar"
"4","SNN1A",1644,"1644","Middle earlywood","Fire scar"
"5","SNN1A",1676,"1676","dormant","Fire scar"
"6","SNN1A",1715,"1715","dormant","Fire scar"
"7","SNN1A",1752,"1752","unknown","Fire scar"
"8","SNN1A",1773,"1773","dormant","Fire scar"
"9","SNN1A",1779,"1779","dormant","Fire scar"
"10","SNN1A",1783,"1783","dormant","Fire scar"
"11","SNN1A",1789,"1789","late earlywood","Fire scar"
"12","SNN1A",1805,"1805","late earlywood","Fire scar"
"13","SNN1A",1810,"1810","dormant","Fire scar"
"14","SNN1A",1843,NA,"Not Applicable","Bark"
"15","SNN11A",1548,NA,"Not Applicable","Innermost ring"
"16","SNN11A",1576,"1576","unknown","Fire scar"
"17","SNN11A",1600,"1600","unknown","Fire scar"
"18","SNN11A",1624,"1624","dormant","Fire scar"
"19","SNN11A",1754,NA,"Not Applicable","Outermost ring"
"20","SNN12A",1572,NA,"Not Applicable","pith"
"21","SNN12A",1664,"1664","early earlywood","Fire scar"
"22","SNN12A",1676,"1676","early earlywood","Fire scar"
"23","SNN12A",1685,"1685","dormant","Fire scar"
"24","SNN12A",1715,"1715","Middle earlywood","Fire scar"
"25","SNN12A",1752,"1752","unknown","Fire scar"
"26","SNN12A",1811,NA,"Not Applicable","Outermost ring"
"27","SNN13A",1640,NA,"Not Applicable","pith"
"28","SNN13A",1685,"1685","dormant","Fire scar"
"29","SNN13A",1700,"1700","Middle earlywood","Fire scar"
"30","SNN13A",1724,"1724","dormant","Fire scar"
"31","SNN13A",1748,"1748","dormant","Fire scar"
"32","SNN13A",1801,"1801","dormant","Fire scar"
"33","SNN13A",1843,"1843","dormant","Fire scar"
"34","SNN13A",1909,NA,"Not Applicable","Bark"
"35","SNN14A",1645,NA,"Not Applicable","Innermost ring"
"36","SNN14A",1715,"1715","dormant","Fire scar"
"37","SNN14A",1729,"1729","Middle earlywood","Fire scar"
"38","SNN14A",1748,"1748","dormant","Fire scar"
"39","SNN14A",1773,"1773","dormant","Fire scar"
"40","SNN14A",1812,"1812","dormant","Fire scar"
"41","SNN14A",1843,"1843","unknown","Fire scar"
"42","SNN14A",1932,NA,"Not Applicable","Bark"
"43","SNN15A",1873,NA,"Not Applicable","Innermost ring"
"44","SNN15A",1884,"1884","unknown","Fire scar"
"45","SNN15A",1899,"1899","unknown","Fire scar"
"46","SNN15A",2013,NA,"Not Applicable","Bark"
"47","SNN16A",1875,NA,"Not Applicable","pith"
"48","SNN16A",1884,"1884","unknown","Fire scar"
"49","SNN16A",1899,"1899","unknown","Fire scar"
"50","SNN16A",2013,NA,"Not Applicable","Bark"
"51","SNN19A",1733,NA,"Not Applicable","Innermost ring"
"52","SNN19A",1801,"1801","dormant","Fire scar"
"53","SNN19A",1805,"1805","late earlywood","Fire scar"
"54","SNN19A",1843,"1843","dormant","Fire scar"
"55","SNN19A",1860,"1860","unknown","Fire scar"
"56","SNN19A",1899,"1899","unknown","Fire scar"
"57","SNN19A",2013,NA,"Not Applicable","Bark"
"58","SNN2A",1635,NA,"Not Applicable","Innermost ring"
"59","SNN2A",1810,"1810","dormant","Fire scar"
"60","SNN2A",1859,NA,"Not Applicable","Bark"
"61","SNN20A",1643,NA,"Not Applicable","Innermost ring"
"62","SNN20A",1801,"1801","latewood","Fire scar"
"63","SNN20A",1860,"1860","dormant","Fire scar"
"64","SNN20A",1930,NA,"Not Applicable","Bark"
"65","SNN31A",1672,NA,"Not Applicable","Innermost ring"
"66","SNN31A",1760,"1760","dormant","Fire scar"
"67","SNN31A",1773,"1773","dormant","Fire scar"
"68","SNN31A",1801,"1801","dormant","Fire scar"
"69","SNN31A",1805,"1805","late earlywood","Fire scar"
"70","SNN31A",1810,"1810","dormant","Fire scar"
"71","SNN31A",1818,"1818","dormant","Fire scar"
"72","SNN31A",1843,"1843","unknown","Fire scar"
"73","SNN31A",1860,"1860","dormant","Fire scar"
"74","SNN31A",1870,"1870","unknown","Fire scar"
"75","SNN31A",1880,NA,"Not Applicable","Outermost ring"
"76","SNN32A",1708,NA,"Not Applicable","Innermost ring"
"77","SNN32A",1773,"1773","dormant","Fire scar"
"78","SNN32A",1805,"1805","unknown","Fire scar"
"79","SNN32A",1810,"1810","unknown","Fire scar"
"80","SNN32A",1818,"1818","dormant","Fire scar"
"81","SNN32A",1843,"1843","unknown","Fire scar"
"82","SNN32A",1860,"1860","unknown","Fire scar"
"83","SNN32A",1870,"1870","unknown","Fire scar"
"84","SNN32A",1960,NA,"Not Applicable","Outermost ring"
"85","SNN33A",1698,NA,"Not Applicable","Innermost ring"
"86","SNN33A",1773,"1773","Middle earlywood","Fire scar"
"87","SNN33A",1801,"1801","dormant","Fire scar"
"88","SNN33A",1810,"1810","dormant","Fire scar"
"89","SNN33A",1818,"1818","dormant","Fire scar"
"90","SNN33A",1843,"1843","dormant","Fire scar"
"91","SNN33A",1860,"1860","dormant","Fire scar"
"92","SNN33A",1870,"1870","dormant","Fire scar"
"93","SNN33A",1981,NA,"Not Applicable","Bark"
"94","SNN35A",1571,NA,"Not Applicable","Innermost ring"
"95","SNN35A",1600,"1600","unknown","Fire scar"
"96","SNN35A",1685,"1685","unknown","Fire scar"
"97","SNN35A",1704,"1704","unknown","Fire scar"
"98","SNN35A",1727,"1727","unknown","Fire scar"
"99","SNN35A",1748,"1748","Middle earlywood","Fire scar"
"100","SNN35A",1760,"1760","unknown","Fire scar"
"101","SNN35A",1783,"1783","unknown","Fire scar"
"102","SNN35A",1801,"1801","unknown","Fire scar"
"103","SNN35A",1843,"1843","unknown","Fire scar"
"104","SNN35A",1860,"1860","unknown","Fire scar"
"105","SNN35A",1870,"1870","unknown","Fire scar"
"106","SNN35A",1999,NA,"Not Applicable","Bark"
"107","SNN37A",1873,NA,"Not Applicable","Innermost ring"
"108","SNN37A",1899,"1899","unknown","Fire scar"
"109","SNN37A",2013,NA,"Not Applicable","Bark"
"110","SNN39A",1874,NA,"Not Applicable","Innermost ring"
"111","SNN39A",1899,"1899","unknown","Fire scar"
"112","SNN39A",2013,NA,"Not Applicable","Bark"
"113","SNN42A",1575,NA,"Not Applicable","Innermost ring"
"114","SNN42A",1748,"1748","unknown","Fire scar"
"115","SNN42A",1789,"1789","unknown","Fire scar"
"116","SNN42A",1859,NA,"Not Applicable","Bark"
"117","SNN43A",1505,NA,"Not Applicable","pith"
"118","SNN43A",1783,"1783","unknown","Fire scar"
"119","SNN43A",1818,"1818","unknown","Fire scar"
"120","SNN43A",1882,NA,"Not Applicable","Bark"
"121","SNN49A",1797,NA,"Not Applicable","pith"
"122","SNN49A",1818,"1818","unknown","Fire scar"
"123","SNN49A",1959,NA,"Not Applicable","Bark"
"124","SNN5A",1591,NA,"Not Applicable","Innermost ring"
"125","SNN5A",1664,"1664","late earlywood","Fire scar"
"126","SNN5A",1676,"1676","unknown","Fire scar"
"127","SNN5A",1691,"1691","unknown","Fire scar"
"128","SNN5A",1704,"1704","late earlywood","Fire scar"
"129","SNN5A",1711,"1711","unknown","Fire scar"
"130","SNN5A",1715,"1715","Middle earlywood","Fire scar"
"131","SNN5A",1724,"1724","dormant","Fire scar"
"132","SNN5A",1752,"1752","Middle earlywood","Fire scar"
"133","SNN5A",1773,"1773","unknown","Fire scar"
"134","SNN5A",1786,"1786","unknown","Fire scar"
"135","SNN5A",1789,"1789","unknown","Fire scar"
"136","SNN5A",1805,"1805","late earlywood","Fire scar"
"137","SNN5A",1860,"1860","unknown","Fire scar"
"138","SNN5A",1882,NA,"Not Applicable","Bark"
"139","SNN80A",1843,NA,"Not Applicable","pith"
"140","SNN80A",1860,"1860","early earlywood","Fire scar"
"141","SNN80A",1870,"1870","unknown","Fire scar"
"142","SNN80A",2013,NA,"Not Applicable","Bark"
"143","SNN83A",1801,NA,"Not Applicable","pith"
"144","SNN83A",1860,"1860","unknown","Fire scar"
"145","SNN83A",1870,"1870","dormant","Fire scar"
"146","SNN83A",1945,NA,"Not Applicable","Bark"
"147","SNN90A",1688,NA,"Not Applicable","Innermost ring"
"148","SNN90A",1724,"1724","dormant","Fire scar"
"149","SNN90A",1748,"1748","dormant","Fire scar"
"150","SNN90A",1773,"1773","early earlywood","Fire scar"
"151","SNN90A",1812,"1812","dormant","Fire scar"
"152","SNN90A",1842,"1842","dormant","Fire scar"
"153","SNN90A",1860,"1860","dormant","Fire scar"
"154","SNN90A",1867,NA,"Not Applicable","Outermost ring"
"155","SNN91A",1587,NA,"Not Applicable","Innermost ring"
"156","SNN91A",1600,"1600","unknown","Fire scar"
"157","SNN91A",1779,"1779","early earlywood","Fire scar"
"158","SNN91A",1812,"1812","unknown","Fire scar"
"159","SNN91A",1842,"1842","unknown","Fire scar"
"160","SNN91A",1860,"1860","unknown","Fire scar"
"161","SNN91A",1884,NA,"Not Applicable","Outermost ring"
"162","SNN92A",1170,NA,"Not Applicable","pith"
"163","SNN92A",1250,"1250","dormant","Fire scar"
"164","SNN92A",1370,NA,"Not Applicable","Outermost ring"
"165","SNN93A",1718,NA,"Not Applicable","Innermost ring"
"166","SNN93A",1748,"1748","unknown","Fire scar"
"167","SNN93A",1773,"1773","dormant","Fire scar"
"168","SNN93A",1779,"1779","dormant","Fire scar"
"169","SNN93A",1805,"1805","Middle earlywood","Fire scar"
"170","SNN93A",1818,"1818","dormant","Fire scar"
"171","SNN93A",1842,"1842","unknown","Fire scar"
"172","SNN93A",1850,NA,"Not Applicable","Outermost ring"
"173","SNN1A",1631,"","Not Applicable","Begin recording fire"
"174","SNN11A",1576,"","Not Applicable","Begin recording fire"
"175","SNN12A",1664,"","Not Applicable","Begin recording fire"
"176","SNN13A",1685,"","Not Applicable","Begin recording fire"
"177","SNN14A",1715,"","Not Applicable","Begin recording fire"
"178","SNN15A",1884,"","Not Applicable","Begin recording fire"
"179","SNN16A",1884,"","Not Applicable","Begin recording fire"
"180","SNN19A",1801,"","Not Applicable","Begin recording fire"
"181","SNN2A",1810,"","Not Applicable","Begin recording fire"
"182","SNN20A",1801,"","Not Applicable","Begin recording fire"
"183","SNN31A",1760,"","Not Applicable","Begin recording fire"
"184","SNN32A",1773,"","Not Applicable","Begin recording fire"
"185","SNN33A",1773,"","Not Applicable","Begin recording fire"
"186","SNN35A",1600,"","Not Applicable","Begin recording fire"
"187","SNN37A",1899,"","Not Applicable","Begin recording fire"
"188","SNN39A",1899,"","Not Applicable","Begin recording fire"
"189","SNN42A",1748,"","Not Applicable","Begin recording fire"
"190","SNN43A",1783,"","Not Applicable","Begin recording fire"
"191","SNN49A",1818,"","Not Applicable","Begin recording fire"
"192","SNN5A",1664,"","Not Applicable","Begin recording fire"
"193","SNN80A",1860,"","Not Applicable","Begin recording fire"
"194","SNN83A",1860,"","Not Applicable","Begin recording fire"
"195","SNN90A",1724,"","Not Applicable","Begin recording fire"
"196","SNN91A",1600,"","Not Applicable","Begin recording fire"
"197","SNN92A",1250,"","Not Applicable","Begin recording fire"
"198","SNN93A",1748,"","Not Applicable","Begin recording fire"
"1","VGR01A",1646,NA,"Not Applicable","pith"
"2","VGR01A",1654,"1654","dormant","Fire scar"
"3","VGR01A",1660,"1660","dormant","Fire scar"
"4","VGR01A",1668,"1668","Middle earlywood","Fire scar"
"5","VGR01A",1696,"1696","dormant","Fire scar"
"6","VGR01A",1715,"1715","late earlywood","Fire scar"
"7","VGR01A",1725,"1725","early earlywood","Fire scar"
"8","VGR01A",1729,"1729","dormant","Fire scar"
"9","VGR01A",1748,"1748","dormant","Fire scar"
"10","VGR01A",1752,"1752","latewood","Fire scar"
"11","VGR01A",1760,"1760","dormant","Fire scar"
"12","VGR01A",1779,"1779","dormant","Fire scar"
"13","VGR01A",1842,"1842","dormant","Fire scar"
"14","VGR01A",1861,"1861","dormant","Fire scar"
"15","VGR01A",1900,"1900","Middle earlywood","Fire scar"
"16","VGR01A",1940,NA,"Not Applicable","Outermost ring"
"17","VGR02A",1646,NA,"Not Applicable","pith"
"18","VGR02A",1715,"1715","Middle earlywood","Fire scar"
"19","VGR02A",1812,"1812","unknown","Fire scar"
"20","VGR02A",1863,NA,"Not Applicable","Outermost ring"
"21","VGR03A",1636,NA,"Not Applicable","pith"
"22","VGR03A",1679,"1679","dormant","Fire scar"
"23","VGR03A",1685,"1685","dormant","Fire scar"
"24","VGR03A",1693,"1693","dormant","Fire scar"
"25","VGR03A",1696,"1696","dormant","Fire scar"
"26","VGR03A",1715,"1715","Middle earlywood","Fire scar"
"27","VGR03A",1725,"1725","dormant","Fire scar"
"28","VGR03A",1729,"1729","dormant","Fire scar"
"29","VGR03A",1736,"1736","dormant","Fire scar"
"30","VGR03A",1748,"1748","dormant","Fire scar"
"31","VGR03A",1752,"1752","unknown","Fire scar"
"32","VGR03A",1760,"1760","dormant","Fire scar"
"33","VGR03A",1779,"1779","dormant","Fire scar"
"34","VGR03A",1805,"1805","dormant","Fire scar"
"35","VGR03A",1842,"1842","unknown","Fire scar"
"36","VGR03A",1855,"1855","unknown","Fire scar"
"37","VGR03A",1890,NA,"Not Applicable","Outermost ring"
"38","VGR04A",1646,NA,"Not Applicable","pith"
"39","VGR04A",1679,"1679","dormant","Fire scar"
"40","VGR04A",1685,"1685","dormant","Fire scar"
"41","VGR04A",1696,"1696","dormant","Fire scar"
"42","VGR04A",1715,"1715","early earlywood","Fire scar"
"43","VGR04A",1725,"1725","early earlywood","Fire scar"
"44","VGR04A",1729,"1729","dormant","Fire scar"
"45","VGR04A",1748,"1748","dormant","Fire scar"
"46","VGR04A",1752,"1752","late earlywood","Fire scar"
"47","VGR04A",1760,"1760","dormant","Fire scar"
"48","VGR04A",1779,"1779","dormant","Fire scar"
"49","VGR04A",1801,NA,"Not Applicable","Outermost ring"
"50","VGR05A",1638,NA,"Not Applicable","pith"
"51","VGR05A",1679,"1679","early earlywood","Fire scar"
"52","VGR05A",1696,"1696","dormant","Fire scar"
"53","VGR05A",1715,"1715","early earlywood","Fire scar"
"54","VGR05A",1748,"1748","dormant","Fire scar"
"55","VGR05A",1752,"1752","late earlywood","Fire scar"
"56","VGR05A",1779,"1779","dormant","Fire scar"
"57","VGR05A",1805,"1805","unknown","Fire scar"
"58","VGR05A",1842,"1842","unknown","Fire scar"
"59","VGR05A",1938,NA,"Not Applicable","Outermost ring"
"60","VGR06A",1640,NA,"Not Applicable","pith"
"61","VGR06A",1715,"1715","Middle earlywood","Fire scar"
"62","VGR06A",1725,"1725","dormant","Fire scar"
"63","VGR06A",1729,"1729","early earlywood","Fire scar"
"64","VGR06A",1736,"1736","dormant","Fire scar"
"65","VGR06A",1748,"1748","dormant","Fire scar"
"66","VGR06A",1752,"1752","early earlywood","Fire scar"
"67","VGR06A",1760,"1760","dormant","Fire scar"
"68","VGR06A",1779,"1779","early earlywood","Fire scar"
"69","VGR06A",1805,"1805","dormant","Fire scar"
"70","VGR06A",1842,"1842","unknown","Fire scar"
"71","VGR07A",1649,NA,"Not Applicable","pith"
"72","VGR07A",1654,"1654","early earlywood","Fire scar"
"73","VGR07A",1725,"1725","dormant","Fire scar"
"74","VGR07A",1729,"1729","dormant","Fire scar"
"75","VGR07A",1748,"1748","dormant","Fire scar"
"76","VGR07A",1752,"1752","late earlywood","Fire scar"
"77","VGR07A",1805,NA,"Not Applicable","Outermost ring"
"78","VGR08A",1783,NA,"Not Applicable","pith"
"79","VGR08A",1842,"1842","unknown","Fire scar"
"80","VGR08A",1900,"1900","dormant","Fire scar"
"81","VGR08A",1967,NA,"Not Applicable","Bark"
"82","VGR09A",1636,NA,"Not Applicable","pith"
"83","VGR09A",1660,"1660","dormant","Fire scar"
"84","VGR09A",1736,"1736","dormant","Fire scar"
"85","VGR09A",1748,"1748","dormant","Fire scar"
"86","VGR09A",1752,"1752","Middle earlywood","Fire scar"
"87","VGR09A",1779,"1779","dormant","Fire scar"
"88","VGR09A",1805,"1805","unknown","Fire scar"
"89","VGR09A",1829,"1829","dormant","Fire scar"
"90","VGR09A",1842,"1842","unknown","Fire scar"
"91","VGR09A",1847,"1847","unknown","Fire scar"
"92","VGR09A",1860,NA,"Not Applicable","Outermost ring"
"93","VGR10A",1649,NA,"Not Applicable","pith"
"94","VGR10A",1748,"1748","dormant","Fire scar"
"95","VGR10A",1752,"1752","late earlywood","Fire scar"
"96","VGR10A",1779,"1779","early earlywood","Fire scar"
"97","VGR10A",1805,"1805","unknown","Fire scar"
"98","VGR10A",1829,"1829","early earlywood","Fire scar"
"99","VGR10A",1842,"1842","unknown","Fire scar"
"100","VGR11A",1639,NA,"Not Applicable","pith"
"101","VGR11A",1693,"1693","dormant","Fire scar"
"102","VGR11A",1715,"1715","late earlywood","Fire scar"
"103","VGR11A",1725,"1725","dormant","Fire scar"
"104","VGR11A",1729,"1729","dormant","Fire scar"
"105","VGR11A",1736,"1736","Middle earlywood","Fire scar"
"106","VGR11A",1748,"1748","dormant","Fire scar"
"107","VGR11A",1779,"1779","dormant","Fire scar"
"108","VGR11A",1805,"1805","dormant","Fire scar"
"109","VGR11A",1829,"1829","early earlywood","Fire scar"
"110","VGR11A",1842,"1842","dormant","Fire scar"
"111","VGR11A",1865,NA,"Not Applicable","Outermost ring"
"112","VGR01A",1654,"","Not Applicable","Begin recording fire"
"113","VGR02A",1715,"","Not Applicable","Begin recording fire"
"114","VGR03A",1679,"","Not Applicable","Begin recording fire"
"115","VGR04A",1679,"","Not Applicable","Begin recording fire"
"116","VGR05A",1679,"","Not Applicable","Begin recording fire"
"117","VGR06A",1715,"","Not Applicable","Begin recording fire"
"118","VGR07A",1654,"","Not Applicable","Begin recording fire"
"119","VGR08A",1842,"","Not Applicable","Begin recording fire"
"120","VGR09A",1660,"","Not Applicable","Begin recording fire"
"121","VGR10A",1748,"","Not Applicable","Begin recording fire"
"122","VGR11A",1693,"","Not Applicable","Begin recording fire"
"1","VSLD001A",1718,NA,"Not Applicable","Innermost ring"
"2","VSLD001A",1748,"1748","dormant","Fire scar"
"3","VSLD001A",1752,"1752","unknown","Fire scar"
"4","VSLD001A",1779,"1779","early earlywood","Fire scar"
"5","VSLD001A",1789,"1789","Middle earlywood","Fire scar"
"6","VSLD001A",1805,"1805","dormant","Fire scar"
"7","VSLD001A",1826,"1826","early earlywood","Fire scar"
"8","VSLD001A",1851,"1851","early earlywood","Fire scar"
"9","VSLD001A",1860,"1860","unknown","Fire scar"
"10","VSLD001A",1861,NA,"Not Applicable","Outermost ring"
"11","VSLD003A",1699,NA,"Not Applicable","Innermost ring"
"12","VSLD003A",1752,"1752","early earlywood","Fire scar"
"13","VSLD003A",1779,"1779","unknown","Fire scar"
"14","VSLD003A",1805,"1805","dormant","Fire scar"
"15","VSLD003A",1818,"1818","early earlywood","Fire scar"
"16","VSLD003A",1826,"1826","dormant","Fire scar"
"17","VSLD003A",1842,"1842","dormant","Fire scar"
"18","VSLD003A",1851,"1851","Middle earlywood","Fire scar"
"19","VSLD003A",1860,"1860","unknown","Fire scar"
"20","VSLD003A",1861,NA,"Not Applicable","Outermost ring"
"21","VSLD005A",1690,NA,"Not Applicable","Innermost ring"
"22","VSLD005A",1748,"1748","dormant","Fire scar"
"23","VSLD005A",1779,"1779","Middle earlywood","Fire scar"
"24","VSLD005A",1789,"1789","Middle earlywood","Fire scar"
"25","VSLD005A",1802,"1802","early earlywood","Fire scar"
"26","VSLD005A",1805,"1805","dormant","Fire scar"
"27","VSLD005A",1826,"1826","early earlywood","Fire scar"
"28","VSLD005A",1842,"1842","dormant","Fire scar"
"29","VSLD005A",1847,"1847","dormant","Fire scar"
"30","VSLD005A",1851,"1851","Middle earlywood","Fire scar"
"31","VSLD005A",1859,"1859","unknown","Fire scar"
"32","VSLD005A",1860,NA,"Not Applicable","Outermost ring"
"33","VSLD007A",1695,NA,"Not Applicable","Innermost ring"
"34","VSLD007A",1748,"1748","dormant","Fire scar"
"35","VSLD007A",1779,"1779","Middle earlywood","Fire scar"
"36","VSLD007A",1789,"1789","Middle earlywood","Fire scar"
"37","VSLD007A",1818,"1818","dormant","Fire scar"
"38","VSLD007A",1826,"1826","early earlywood","Fire scar"
"39","VSLD007A",1842,"1842","dormant","Fire scar"
"40","VSLD007A",1851,"1851","Middle earlywood","Fire scar"
"41","VSLD007A",1860,"1860","late earlywood","Fire scar"
"42","VSLD007A",1898,NA,"Not Applicable","Outermost ring"
"43","VSLD009A",1669,NA,"Not Applicable","pith"
"44","VSLD009A",1779,"1779","Middle earlywood","Fire scar"
"45","VSLD009A",1789,"1789","early earlywood","Fire scar"
"46","VSLD009A",1826,"1826","early earlywood","Fire scar"
"47","VSLD009A",1842,"1842","early earlywood","Fire scar"
"48","VSLD009A",1847,"1847","early earlywood","Fire scar"
"49","VSLD009A",1851,"1851","Middle earlywood","Fire scar"
"50","VSLD009A",1860,"1860","late earlywood","Fire scar"
"51","VSLD009A",1875,NA,"Not Applicable","Outermost ring"
"52","VSLD015A",1614,NA,"Not Applicable","Innermost ring"
"53","VSLD015A",1676,NA,"unknown","Undetermined scar"
"54","VSLD015A",1684,"1684","dormant","Fire scar"
"55","VSLD015A",1725,"1725","dormant","Fire scar"
"56","VSLD015A",1748,"1748","dormant","Fire scar"
"57","VSLD015A",1773,NA,"unknown","Undetermined scar"
"58","VSLD015A",1779,"1779","unknown","Fire scar"
"59","VSLD015A",1805,"1805","dormant","Fire scar"
"60","VSLD015A",1818,"1818","unknown","Fire scar"
"61","VSLD015A",1856,NA,"Not Applicable","Outermost ring"
"62","VSLD019A",1702,NA,"Not Applicable","Innermost ring"
"63","VSLD019A",1728,"1728","dormant","Fire scar"
"64","VSLD019A",1789,NA,"unknown","Undetermined scar"
"65","VSLD019A",1805,"1805","dormant","Fire scar"
"66","VSLD019A",1829,"1829","dormant","Fire scar"
"67","VSLD019A",1833,"1833","late earlywood","Fire scar"
"68","VSLD019A",1842,"1842","dormant","Fire scar"
"69","VSLD019A",1847,"1847","dormant","Fire scar"
"70","VSLD019A",1851,"1851","Middle earlywood","Fire scar"
"71","VSLD019A",1860,"1860","unknown","Fire scar"
"72","VSLD019A",1870,"1870","unknown","Fire scar"
"73","VSLD019A",1871,NA,"Not Applicable","Outermost ring"
"74","VSLD002A",1660,NA,"Not Applicable","pith"
"75","VSLD002A",1672,NA,"unknown","Undetermined scar"
"76","VSLD002A",1694,NA,"unknown","Undetermined scar"
"77","VSLD002A",1725,"1725","early earlywood","Fire scar"
"78","VSLD002A",1737,"1737","early earlywood","Fire scar"
"79","VSLD002A",1748,"1748","dormant","Fire scar"
"80","VSLD002A",1752,"1752","late earlywood","Fire scar"
"81","VSLD002A",1767,NA,"unknown","Undetermined scar"
"82","VSLD002A",1779,"1779","dormant","Fire scar"
"83","VSLD002A",1789,"1789","late earlywood","Fire scar"
"84","VSLD002A",1805,"1805","early earlywood","Fire scar"
"85","VSLD002A",1818,"1818","early earlywood","Fire scar"
"86","VSLD002A",1842,"1842","early earlywood","Fire scar"
"87","VSLD002A",1851,"1851","late earlywood","Fire scar"
"88","VSLD002A",1860,"1860","late earlywood","Fire scar"
"89","VSLD002A",1870,"1870","dormant","Fire scar"
"90","VSLD002A",1908,"1908","dormant","Fire scar"
"91","VSLD002A",1909,NA,"Not Applicable","Outermost ring"
"92","VSLD006A",1778,NA,"Not Applicable","Innermost ring"
"93","VSLD006A",1802,NA,"unknown","Undetermined scar"
"94","VSLD006A",1805,"1805","dormant","Fire scar"
"95","VSLD006A",1818,"1818","dormant","Fire scar"
"96","VSLD006A",1860,"1860","late earlywood","Fire scar"
"97","VSLD006A",1870,"1870","dormant","Fire scar"
"98","VSLD006A",1896,"1896","dormant","Fire scar"
"99","VSLD006A",1960,NA,"Not Applicable","Outermost ring"
"100","VSLD004A",1713,NA,"Not Applicable","pith"
"101","VSLD004A",1748,"1748","unknown","Fire scar"
"102","VSLD004A",1752,"1752","Middle earlywood","Fire scar"
"103","VSLD004A",1779,"1779","Middle earlywood","Fire scar"
"104","VSLD004A",1789,"1789","late earlywood","Fire scar"
"105","VSLD004A",1795,"1795","dormant","Fire scar"
"106","VSLD004A",1818,"1818","unknown","Fire scar"
"107","VSLD004A",1842,"1842","early earlywood","Fire scar"
"108","VSLD004A",1851,"1851","unknown","Fire scar"
"109","VSLD004A",1860,"1860","late earlywood","Fire scar"
"110","VSLD004A",1870,"1870","early earlywood","Fire scar"
"111","VSLD004A",1880,NA,"Not Applicable","Outermost ring"
"112","VSLD013A",1697,NA,"Not Applicable","pith"
"113","VSLD013A",1736,NA,"unknown","Undetermined scar"
"114","VSLD013A",1748,"1748","dormant","Fire scar"
"115","VSLD013A",1752,"1752","late earlywood","Fire scar"
"116","VSLD013A",1767,NA,"unknown","Undetermined scar"
"117","VSLD013A",1789,"1789","late earlywood","Fire scar"
"118","VSLD013A",1805,"1805","early earlywood","Fire scar"
"119","VSLD013A",1818,"1818","early earlywood","Fire scar"
"120","VSLD013A",1826,"1826","dormant","Fire scar"
"121","VSLD013A",1842,"1842","unknown","Fire scar"
"122","VSLD013A",1847,"1847","dormant","Fire scar"
"123","VSLD013A",1851,"1851","early earlywood","Fire scar"
"124","VSLD013A",1860,"1860","late earlywood","Fire scar"
"125","VSLD013A",1870,"1870","dormant","Fire scar"
"126","VSLD013A",1895,NA,"Not Applicable","Outermost ring"
"127","VSLD001A",1748,"","Not Applicable","Begin recording fire"
"128","VSLD002A",1725,"","Not Applicable","Begin recording fire"
"129","VSLD003A",1752,"","Not Applicable","Begin recording fire"
"130","VSLD004A",1748,"","Not Applicable","Begin recording fire"
"131","VSLD005A",1748,"","Not Applicable","Begin recording fire"
"132","VSLD006A",1805,"","Not Applicable","Begin recording fire"
"133","VSLD007A",1748,"","Not Applicable","Begin recording fire"
"134","VSLD009A",1779,"","Not Applicable","Begin recording fire"
"135","VSLD013A",1748,"","Not Applicable","Begin recording fire"
"136","VSLD015A",1684,"","Not Applicable","Begin recording fire"
"137","VSLD019A",1728,"","Not Applicable","Begin recording fire"
